,user,location,tweet,food,cloth,shelter,help,tidy_tweet
0,F3Cornhole1,Oo,Week 3 #123Challenge @F3WashingtonNC Update. New leader emerges. Note: I adjusted and gave everyone who had at leas… https://t.co/gNiCACHX6l,1,0,0,0,Week Challenge Update leader emerges Note adjusted gave everyone leas https gNiCACHX
1,Official_WXUK,"Penzance, England",Ex tropical cyclones from the tropical Atlantic making their way to UK shores isn't uncommon but could we see three… https://t.co/isET1imFXS,0,0,0,0,tropical cyclones from tropical Atlantic making their shores uncommon could three https isET imFXS
2,AnnieYuTV,"Washington, DC","So much help is still needed... 
whether donations or your time #Dorian https://t.co/z6O5sLa9cf",0,0,0,1,much help still needed whether donations your time #Dorian https
3,RayannGC,"Freeport, Grand Bahama",@minnis_dr @realDonaldTrump So will you @realDonaldTrump be so kind as to accommodate us? While our house/ islands… https://t.co/8T6QvDQLQg,0,0,0,0,will kind accommodate While house islands https QvDQLQg
4,Siliconeer,"California, USA","Tropical Storm Humberto dumps rain on hurricane-hit Bahamas
https://t.co/G3HBDycNm1
#Abaco #aftermath #against… https://t.co/nk90Boxq7m",0,0,0,0,Tropical Storm Humberto dumps rain hurricane Bahamas https HBDycNm #Abaco #aftermath #against https Boxq
5,JeanGruss,"Florida, USA",Cool story about a new hotel opening in Naples just as the hurricane was on our doorstep #naples #dorian https://t.co/A4ILwirpwk,0,0,0,0,Cool story about hotel opening Naples just hurricane doorstep #naples #dorian https ILwirpwk
6,RPottery,Coastal NC ,@Boatoptional2 @bevdevwarrior My front yard during #Dorian https://t.co/oKB3apTIzP,0,0,0,0,front yard during #Dorian https apTIzP
7,toddabenevides,"Port St Lucie, FL","I can't sit by and do nothing. I'd like to a chance to entertain you. 
That's as honest as it comes. Read… https://t.co/OirvKJUsqM",0,0,0,0,nothing like chance entertain That honest comes Read https OirvKJUsqM
8,jo_jlsr3353,"Florida, USA",Sign the petition: Stand with #Dorian survivors. Demand that Congress grant #TPS to the #Bahamas now.… https://t.co/P9cqdza82C,0,0,0,0,Sign petition Stand with #Dorian survivors Demand that Congress grant #TPS #Bahamas https cqdza
9,MagicWandArt,My Realm ,#BirdFeederBandit #Dorian Check out this video from #weatherchannel https://t.co/jrqlheajEz,0,0,0,0,#BirdFeederBandit #Dorian Check this video from #weatherchannel https jrqlheajEz
10,TaterIsHappy,"Dallas, TX","Here I am in my doggie raincoat. 
I've never lost everything in a storm.
Support @chefjoseandres' tummy-filling, li… https://t.co/Kcw6gecchz",0,0,0,0,Here doggie raincoat never lost everything storm Support tummy filling https gecchz
11,sarakenny,New Jersey,Everyone should watch this then give to an organization that is helping the people of the #Bahamas #dorian… https://t.co/AyWpTg1snM,0,0,0,0,Everyone should watch this then give organization that helping people #Bahamas #dorian https AyWpTg
12,ReggieTwit2010,,"For that dumbass Bahamian woman denigrating Haitians in the Bahamas on audio that's going around on #socialMedia,… https://t.co/77hRfsY07z",0,0,0,0,that dumbass Bahamian woman denigrating Haitians Bahamas audio that going around #socialMedia https hRfsY
13,MJVentrice,"Boston, MA","Thanks for sharing this, Sam. For anyone who wants to read Sam's story of riding out Major Hurricane #Dorian on the… https://t.co/dmkbJXYwXI",0,0,0,0,Thanks sharing this anyone wants read story riding Major Hurricane #Dorian https dmkbJXYwXI
14,KF5FUZ,"Montgomery, TX",Better Together: Last night Storm on NC Outerbanks - Our #RedCross feeding crew &amp; Emergency Response Vehicle Strand… https://t.co/2vBAWlO40o,0,0,0,0,Better Together Last night Storm Outerbanks #RedCross feeding crew Emergency Response Vehicle Strand https vBAWlO
15,the_real_pamela,"Dallas, Texas and Worldwide","We love humanitarian chef @chefjoseandres and @WCKitchen😍 
He's one of our 40 Smile Starters:… https://t.co/fpMpC6Fw0q",0,0,0,0,love humanitarian chef Smile Starters https fpMpC
16,MoonPerrl,,"Please be aware that this article contains some extremely distressing and upsetting information and images 😢 💔 
Wat… https://t.co/bhddTaabSE",0,0,0,0,Please aware that this article contains some extremely distressing upsetting information images https bhddTaabSE
17,Loggerhead_,,@KindeandTrue @Michael25280360 @Michael27452480 @SandraC80012392 @MichaelBringsli @CharismaAlasta2 @lbox327… https://t.co/ApJdsDL5Qp,0,0,0,0,https ApJdsDL
18,anmlvr1,,"@carlivatiron @robinstrasser @KassieDePaiva I grew up watching the @ABCNetwork Soaps, and still watch… https://t.co/5xS9U4sfIH",0,0,0,0,grew watching Soaps still watch https sfIH
19,lucas_and_mew,Anytown USA,"On top of that, are you ignoring the fact that storms such as #Dorian and #Faxai exist on other planets? Or are you… https://t.co/RNR5kuWHtS",0,0,0,0,that ignoring fact that storms such #Dorian #Faxai exist other planets https kuWHtS
20,VanessaBritoMia,"Miami, FL","Our First Medic Team arrived in #Freeport #Bahamas today, working with @thirdwavevolunteers in aiding victims of… https://t.co/tkDDyc8O5V",0,0,0,0,First Medic Team arrived #Freeport #Bahamas today working with aiding victims https tkDDyc
21,SMNajam,Bahrain,"Imagine cyclones being given Arabic names... Climate Change will be reversed within a decade

#Dorian",0,0,0,0,Imagine cyclones being given Arabic names Climate Change will reversed within decade #Dorian
22,RANDCorporation,"Santa Monica, California","The situation in the Bahamas post-#Dorian is daunting, say experts. But there are ways to move forward that can red… https://t.co/oYwSyo8X6p",0,0,0,0,situation Bahamas post #Dorian daunting experts there ways move forward that https oYwSyo
23,aab2038,"Runnymede, Surrey, UK 🇬🇧","'The poor are punished': #Dorian lays bare inequality in the #Bahamas 

The tourist destination relies on a life su… https://t.co/4CF0W8SRZc",0,0,0,0,poor punished #Dorian lays bare inequality #Bahamas tourist destination relies life https SRZc
24,timallanwalker,"West Palm Beach, FL","@BDRRescue starting rescue missions in #MarshHarbour

More info posted soon to @WPTV's app.

#Dorian #Dogs https://t.co/0nyxoAWzWH",0,0,0,0,starting rescue missions #MarshHarbour More info posted soon #Dorian #Dogs https nyxoAWzWH
25,DzeKatz,"Arizona, USA",#Dorian survivors should be able to work and live in the United States without fear of deportation. Sign to demand… https://t.co/TkmRnaPRNg,0,0,0,0,#Dorian survivors should able work live United States without fear deportation Sign demand https TkmRnaPRNg
26,lilmaouz,,"@Ruptly #Dorian #HAARP STOP #WeatherManipulation
https://t.co/8mxtYj9nn8",0,0,0,0,#Dorian #HAARP STOP #WeatherManipulation https mxtYj
27,ManhattanTimes,NYC,"Aid for The Bahamas
 
The Bahamas Consulate General of NY is accepting emergency relief supplies. Impacted resident… https://t.co/Bpx7mkotdu",0,0,0,0,Bahamas Bahamas Consulate General accepting emergency relief supplies Impacted resident https mkotdu
28,phillipsoninst,New Jersey,@SenWarren and @SenatorMenendez want the United States to grant Temporary Protected Status to Bahamians because it… https://t.co/CE3FsVOl4L,0,0,0,0,want United States grant Temporary Protected Status Bahamians because https FsVOl
29,TopsiderHomes,"Clemmons, NC USA","Topsider Homes survive Hurricane Dorian, see more here: https://t.co/OTcgkYtCOE  
 #topsiderhomes #abaco #bahamas… https://t.co/kJSvZKEffy",0,0,1,0,Topsider Homes survive Hurricane Dorian more here https OTcgkYtCOE #topsiderhomes #abaco #bahamas https kJSvZKEffy
30,TrumpAnimal,"Wyomissing, PA",.@realDonaldTrump's attempts to evade responsibility for his inaccurate tweet concerning #Dorian backfired massivel… https://t.co/djNuwzLBti,0,0,0,0,attempts evade responsibility inaccurate tweet concerning #Dorian backfired massivel https djNuwzLBti
31,bardofely,"Lisbon, Portugal","Yes, this is as scary and depressing as the destruction of homes and buildings! Devastation from #Dorian in the… https://t.co/xabtu23x0s",0,0,1,0,this scary depressing destruction homes buildings Devastation from #Dorian https xabtu
32,CrazyEarthLover,Netherlands any language,#EcoFascism  #ClimateFascism aftermath #Dorian #Trump https://t.co/gqiy5hlEar,0,0,0,0,#EcoFascism #ClimateFascism aftermath #Dorian #Trump https gqiy hlEar
33,nspowerinc,"Nova Scotia, Canada","Half of these remaining outages are in Western NS where #Dorian hit hard, and we’ve got half of our field resources… https://t.co/BfGef69USV",0,0,0,0,Half these remaining outages Western where #Dorian hard half field resources https BfGef
34,TRF_Climate,London,UN chief @antonioguterres told reporters in the #Bahamas Hurricane #Dorian should be a wake-up call for the world a… https://t.co/hz4ITYVQmK,0,0,0,0,chief told reporters #Bahamas Hurricane #Dorian should wake call world https ITYVQmK
35,nspowerinc,"Nova Scotia, Canada","Day 7 #Dorian restoration update: We’ve restored power to 99% of our customers impacted by the storm. With 4,000 cu… https://t.co/NxeDsuwkLG",0,0,0,0,#Dorian restoration update restored power customers impacted storm With https NxeDsuwkLG
36,profkaupert,san antonio texas,This is a really great story about #presidentsharpie and #Dorian https://t.co/SsYlF1EaPD,0,0,0,0,This really great story about #presidentsharpie #Dorian https SsYlF EaPD
37,msmithisme,"Washington, DC",@fred_guttenberg @JeffKasky @cameron_kasky @realDonaldTrump @JoyAnnReid This convo just made my day because I am #Dorian aid fatigued.,0,0,0,0,This convo just made because #Dorian fatigued
38,TanyaMGulliver,"New Orleans, LA",I'll be moderating this and have an exciting lineup of speakers.  Join me! #Dorian #recovery #outerbanks #Bahamas https://t.co/LatwcRyslQ,0,0,0,0,moderating this have exciting lineup speakers Join #Dorian #recovery #outerbanks #Bahamas https LatwcRyslQ
39,FLHurricaneInfo,Florida,NHC Update Tropical Storm Humberto Graphics https://t.co/45AwWQI1Dp https://t.co/99YEz23k4r Dorian flwx #dorian,0,0,0,0,Update Tropical Storm Humberto Graphics https AwWQI https Dorian flwx #dorian
40,FLHurricaneInfo,Florida,NHC Update Tropical Storm Humberto Forecast Discussion Number 8 https://t.co/FBlG5yq4EI https://t.co/99YEz23k4r Dorian flwx #dorian,0,0,0,0,Update Tropical Storm Humberto Forecast Discussion Number https FBlG https Dorian flwx #dorian
41,FLHurricaneInfo,Florida,NHC Update Summary for Tropical Storm Humberto (AT4/AL092019) https://t.co/63IaEbyYbH https://t.co/99YEz23k4r Dorian flwx #dorian,0,0,0,0,Update Summary Tropical Storm Humberto https IaEbyYbH https Dorian flwx #dorian
42,FLHurricaneInfo,Florida,NHC Update Tropical Storm Humberto Public Advisory Number 8 https://t.co/63IaEbyYbH https://t.co/99YEz23k4r Dorian flwx #dorian,0,0,0,0,Update Tropical Storm Humberto Public Advisory Number https IaEbyYbH https Dorian flwx #dorian
43,FLHurricaneInfo,Florida,NHC Update Tropical Storm Humberto Wind Speed Probabilities Number 8 https://t.co/N7Ng62QNBb https://t.co/99YEz23k4r Dorian flwx #dorian,0,0,0,0,Update Tropical Storm Humberto Wind Speed Probabilities Number https QNBb https Dorian flwx #dorian
44,WordSmooth,"Dallas, Texas",@senatemajldr take action to allow our fellow humans from The Bahamas to take refuge in the U.S. after losing everything in #Dorian,0,0,0,0,take action allow fellow humans from Bahamas take refuge after losing everything #Dorian
45,geceosan,North Carolina,"""Ken Cuccinelli was challenged by CNN's Chris Cuomo to back up Donald Trump’s unsubstantiated claim that some “very… https://t.co/Y7CPQnxK30",0,0,0,0,Cuccinelli challenged Chris Cuomo back Donald Trump unsubstantiated claim that some very https CPQnxK
46,bri_sacks,"Los Angeles, CA","Some 📸 from the air of Grand Bahama, now mostly brown and stripped after #Dorian and the last thing these people ne… https://t.co/clE2zTkG39",0,0,0,0,Some from Grand Bahama mostly brown stripped after #Dorian last thing these people https zTkG
47,alghadeertv_eng,,"New storm to hit #Bahamas after Hurricane #Dorian.

https://t.co/O8hQe4K3aq

#Humberto #tropicalstorm https://t.co/YlB7zdSE4M",0,0,0,0,storm #Bahamas after Hurricane #Dorian https #Humberto #tropicalstorm https zdSE
48,ninatypewriter,U.S.,"Bahamas 11 am ET update.
⭐️Follow my lists for #Humberto weather and for #Dorian relief &amp; recovery
BAHAMAS… https://t.co/PtInanGAOn",0,0,0,0,Bahamas update Follow lists #Humberto weather #Dorian relief recovery BAHAMAS https PtInanGAOn
49,HalMarshall2309,"Texas, USA","""The statement came 20 minutes after the president’s tweet: 'Alabama will NOT see any impacts from #Dorian. We repe… https://t.co/si3oA6EUfK",0,0,0,0,statement came minutes after president tweet Alabama will impacts from #Dorian repe https EUfK
50,CeleryCaraway,"San Francisco, CA",#amjoy  Thanks @RepYvetteClarke for discussing unconscionable cruelty from DHS &amp; CPB denying TPS (Temporary Protect… https://t.co/xETiQQWEJe,0,0,0,0,#amjoy Thanks discussing unconscionable cruelty from denying Temporary Protect https xETiQQWEJe
51,KvanOosterom,New York,"(3) Humanitarian work in #Bahamas after #Dorian by Dutch, German and French Marines continues. 
In close coordinati… https://t.co/HAytNeCEA5",0,0,0,0,Humanitarian work #Bahamas after #Dorian Dutch German French Marines continues close coordinati https HAytNeCEA
52,KvanOosterom,New York,"(2) Humanitarian work in #Bahamas after #Dorian by Dutch, German and French Marines continues. 
In close coordinati… https://t.co/gHhB7JY5TI",0,0,0,0,Humanitarian work #Bahamas after #Dorian Dutch German French Marines continues close coordinati https gHhB
53,KvanOosterom,New York,"Humanitarian work in #Bahamas after #Dorian by Dutch, German and French Marines continues. 
In close coordination w… https://t.co/lgArzHGAxs",0,0,0,0,Humanitarian work #Bahamas after #Dorian Dutch German French Marines continues close coordination https lgArzHGAxs
54,KolbieReports,"Washington, D.C.",Thousands of pounds of much needed supplies are getting loaded up and sent to the Bahamas. The Bahamian embassy has… https://t.co/DIJxEVtH8S,0,0,0,0,Thousands pounds much needed supplies getting loaded sent Bahamas Bahamian embassy https DIJxEVtH
55,IrishEagle,"Asheville, NC",Just a small sample of the destruction from #Dorian via drone aerial videography. https://t.co/1zrNQ0CPu4 Source: @TeamRubicon,0,0,0,0,Just small sample destruction from #Dorian drone aerial videography https zrNQ Source
56,TravelHub365,"Chicago, IL",Mapping the Bahamas: What’s Open as the Islands Recover from Dorian https://t.co/vxoGXJRMK2 #Bahamas #Dorian #travel,0,0,0,0,Mapping Bahamas What Open Islands Recover from Dorian https vxoGXJRMK #Bahamas #Dorian #travel
57,QQBeautifulDove,New York City,@drpavito1 Miles and miles of cars BUT NO people!!! I fear they were all washed away! The surge that washed the car… https://t.co/8x6JC16wsD,0,0,0,0,Miles miles cars people fear they were washed away surge that washed https
58,vgrovestine,"Annapolis Valley, NS",Adventures in wood stacking: Sharing this 2-cord pile with a dozen homeless yellow jackets wasps 🐝 and a wayward ch… https://t.co/4iJjnJmnv2,0,0,1,0,Adventures wood stacking Sharing this cord pile with dozen homeless yellow jackets wasps wayward https iJjnJmnv
59,DanHenryWeather,"Sarasota, FL",#Humberto is sitting stationary - and strengthening - just a couple dozen miles from where #Dorian made landfall on… https://t.co/ei8mLFrLo7,0,0,0,0,#Humberto sitting stationary strengthening just couple dozen miles from where #Dorian made landfall https mLFrLo
60,DianaUmpierre,"Pembroke Pines, FL","Incredible story to read on surviving the devastating Hurricane #Dorian in the #Bahamas
 @JohnMoralesNBC6… https://t.co/QlWt7gORK1",0,0,0,0,Incredible story read surviving devastating Hurricane #Dorian #Bahamas https QlWt gORK
61,kmacting,Canada,@nspowerinc @karla_macf_pc I just heard my parents had power restored this morning by a crew from New Brunswick! Ev… https://t.co/VVPXAkTXJj,0,0,0,0,just heard parents power restored this morning crew from Brunswick https VVPXAkTXJj
62,cj_liebs,"Olympia, WA",I'd like to get relief sent to the Bahamas + inspire their government to take the lead in their recovery from… https://t.co/I4jGTYJ0Xc,0,0,0,0,like relief sent Bahamas inspire their government take lead their recovery from https jGTYJ
63,Kirstenleah,"Seattle, WA","If you care about what’s happening in the Bahamas, follow Dr. deGregory. She is sharing more thorough updates than… https://t.co/YZOUOp2wvI",0,0,0,0,care about what happening Bahamas follow deGregory sharing more thorough updates than https YZOUOp
64,Charvettebey,"Baltimore, MD","So it’s hurtful, actually makes my stomach because WE ALL KNOW THAT THE REASON THE TRUMP ADMINISTRATION IS DENYING… https://t.co/GHFJe0RL68",0,0,0,0,hurtful actually makes stomach because KNOW THAT REASON TRUMP ADMINISTRATION DENYING https GHFJe
65,karinbrulliard,"Washington, DC",‘I don’t think there’s enough jobs for everybody here’: Thousands of people displaced by #Dorian now find themselve… https://t.co/7CxIPi7q4y,0,0,1,0,think there enough jobs everybody here Thousands people displaced #Dorian find themselve https CxIPi
66,JaquxyzXaiXai,Reckanawahaha,Question: has #GreatBritain come to the aid of #theBahamas? Aren’t they a commonwealth of Great Britain? We already… https://t.co/GTZtKg4QwO,0,0,0,0,Question #GreatBritain come #theBahamas Aren they commonwealth Great Britain already https GTZtKg
67,Cedders68,Mare Imbrium,"About 1,300 people are missing in the Bahamas following hurricane #Dorian. At least 15,000 are in need of shelter,… https://t.co/kkd39ZGweX",0,0,1,0,About people missing Bahamas following hurricane #Dorian least need shelter https ZGweX
68,Perednia,Pacific Northwest,This regime stays up at night thinking of new ways to be cruel to POC. #Dorian #AMJoy,0,0,1,0,This regime stays night thinking ways cruel #Dorian #AMJoy
69,woody_weaver,,#Dorian survivors should be able to work and live in the United States without fear of deportation. Sign to demand… https://t.co/6BIq2iupbS,0,0,0,0,#Dorian survivors should able work live United States without fear deportation Sign demand https iupbS
70,conchi_gonzalez,"Aguadilla, Puerto Rico",Please help 12 year old #bahiaman #Dorian survivor who is detained by ICE in Miami! https://t.co/Rkf6ZgGbOU,0,0,0,0,Please help year #bahiaman #Dorian survivor detained Miami https ZgGbOU
71,Leisering,Discworld,"Wilbur Ross, the billionaire secretary of commerce, threatened to 🔥fire top officials  @NOAA (the National Oceanic… https://t.co/Gn5M2TTWj3",0,0,0,0,Wilbur Ross billionaire secretary commerce threatened fire officials National Oceanic https TTWj
72,johncochran94,"Halifax, Nova Scotia",#Dorian canceled our @LifelineNS last week but the boys and I back this week #Giveblood https://t.co/doLYPokQbg,0,0,0,0,#Dorian canceled last week boys back this week #Giveblood https doLYPokQbg
73,hanksgeoff,OTP Atlanta,@swimmerbr78 2 words: #Dorian and #Alabama,0,0,0,0,words #Dorian #Alabama
74,UKJFHQ,"Northwood, England",@SpecialByName @MickNicholson9 @Dorling83 @hthjones Can I refer you to my answer to the original tweet? But we tota… https://t.co/kIPq5KkMeg,0,0,0,0,refer answer original tweet tota https kIPq KkMeg
75,matthew_peddie,"Orlando, FL",.@ChabeliH &amp; @PaulBrinkmann talk about the relief effort underway in the #Bahamas after #Dorian... and the importan… https://t.co/BiZHY6gE1h,0,0,0,0,talk about relief effort underway #Bahamas after #Dorian importan https BiZHY
76,SyrettMatt,"Florida, USA","Watch this video and read this report for a great summary of our recent support to the Bahamas 🇧🇸

#Dorian… https://t.co/lIoOZwpbr7",0,0,0,0,Watch this video read this report great summary recent support Bahamas #Dorian https lIoOZwpbr
77,carlivatiron,,Starts with a B... #days #dorian #blair #vivian #eve #oltl @robinstrasser @KassieDePaiva https://t.co/9CSpp5Lcvu,0,0,0,0,Starts with #days #dorian #blair #vivian #eve #oltl https CSpp Lcvu
78,daytonatimes,"Daytona Beach, FL","FWC: The manatees are free https://t.co/VHfUHcro6x

A manatee and her calf stranded since last week at the… https://t.co/HYUcmIRfQ2",0,0,0,0,manatees free https VHfUHcro manatee calf stranded since last week https HYUcmIRfQ
79,RayPetelinWx,"Pittsburgh, PA","Tropical Storm #Humberto is near the Abaco Islands.  It is expected to strengthen to a Category 1 Hurricane, after… https://t.co/dIaeAf42zk",0,0,0,0,Tropical Storm #Humberto near Abaco Islands expected strengthen Category Hurricane after https dIaeAf
80,AmberJosephTV,"Greenville, NC",ADVISORY: Tests show elevated bacteria levels at many sites in the Neuse &amp; Tar-Pamlico Basins after Hurricane… https://t.co/hgNLtmevBZ,0,0,0,0,ADVISORY Tests show elevated bacteria levels many sites Neuse Pamlico Basins after Hurricane https hgNLtmevBZ
81,Siliconeer,"California, USA","#Tropical #Storm Humberto targets hurricane-hit #Bahamas
https://t.co/ArjTByoP8R
#already #Bahamas #Dorian… https://t.co/U9Xh1NRcNJ",0,0,0,0,#Tropical #Storm Humberto targets hurricane #Bahamas https ArjTByoP #already #Bahamas #Dorian https NRcNJ
82,rocknrollsDJ,Washington D.C. environs,"@realDonaldTrump ... &amp; his mental faculties yet again, in another madcap week in which #StormForceDon’s incandescen… https://t.co/JZh97iRdW0",0,0,0,0,mental faculties again another madcap week which #StormForceDon incandescen https iRdW
83,Jacquiecharles,Port-au-Prince/Miami ,Why some Hurricane #Dorian survivors are staying on Abaco: ‘We believe in bouncing back.’ https://t.co/dttKbI5Qgz,0,0,1,0,some Hurricane #Dorian survivors staying Abaco believe bouncing back https dttKbI
84,JimDannerWX,"Austin, TX",Volunteers discover Dorian survivors in remote Bahamian village  #Dorian2019 #dorian #hurricane… https://t.co/oJJ8vzelnY,0,0,0,0,Volunteers discover Dorian survivors remote Bahamian village #Dorian #dorian #hurricane https vzelnY
85,IrishEagle,"Asheville, NC","Friday (yesterday) in The Mudd area where there are likely many, many fatalities. #Dorian https://t.co/1KiNkw5V15",0,0,0,0,Friday yesterday Mudd area where there likely many many fatalities #Dorian https KiNkw
86,DylanFedericoWX,"Columbus, GA","Naked center of Tropical Storm #HUMBERTO is swirling just east of #Abaco this morning. 

Abaco &amp; Grand Bahama were… https://t.co/JqtXzvMgeN",0,0,0,0,Naked center Tropical Storm #HUMBERTO swirling just east #Abaco this morning Abaco Grand Bahama were https JqtXzvMgeN
87,PulpNews,USA,Thousands in #Bahamas struggle to find work after #Dorian - Sep 14 @ 9:30 AM ET [video onsite!] https://t.co/5q1kO8h9OA,0,0,0,0,Thousands #Bahamas struggle find work after #Dorian video onsite https
88,Q104Halifax,"Halifax, Nova Scotia, Canada",Q104 Update: @nspowerinc SCAM ALERT: Warning customers about a #Dorian text message scam requesting recipients call… https://t.co/GVx7iFgiba,0,0,0,0,Update SCAM ALERT Warning customers about #Dorian text message scam requesting recipients call https iFgiba
89,Arbourdalesales,"Mount Albert, Ontario",Photo of NS Man facing #HurricaneDorian2019 last wknd. goes viral! 🇨🇦https://t.co/YtYkzBJGOy #canada #novascotia… https://t.co/WdEKDvjD2k,0,0,0,0,Photo facing #HurricaneDorian last wknd goes viral https YtYkzBJGOy #canada #novascotia https WdEKDvjD
90,nspowerinc,"Nova Scotia, Canada",SCAM ALERT: We’re warning customers about a #Dorian text message scam requesting that recipients call a new line to… https://t.co/xiphpic4bg,0,0,0,0,SCAM ALERT warning customers about #Dorian text message scam requesting that recipients call line https xiphpic
91,cassandra17lina,North Carolina - USA 🇺🇸,"Imagine trying to escape this horrific devastation in post-#Dorian #Bahamas. Imagine boarding a #ferry to #Florida,… https://t.co/WWsqHuDf9a",0,0,0,0,Imagine trying escape this horrific devastation post #Dorian #Bahamas Imagine boarding #ferry #Florida https WWsqHuDf
92,Hesamkhosrowj,Islamic Republic of Iran,"@JZarif @realDonaldTrump The #B_Team  will destroy Trump’s foreign policy and US economy, more destructive than #Dorian",0,0,0,0,Team will destroy Trump foreign policy economy more destructive than #Dorian
93,PeterTirschwell,New York City,All-out effort by ⁦@MSCCargo⁩ and many partners in support of Bahamas #Dorian relief  https://t.co/ytBjEcv3kE,0,0,0,0,effort many partners support Bahamas #Dorian relief https ytBjEcv
94,Ruptly,"Berlin, Germany","Cost of #damage by #Dorian 'will be in the billions of dollars' – #Guterres

#Bahamas https://t.co/oIV6rWzLqL",0,0,0,0,Cost #damage #Dorian will billions dollars #Guterres #Bahamas https rWzLqL
95,WSAVDanniD,"Savannah, GA",We started #News3Today a little earlier this morning! Just tuning in now? We’ve got the latest on… https://t.co/UvTutuoTvd,0,0,0,0,started #News Today little earlier this morning Just tuning latest https UvTutuoTvd
96,Nixey17,Toronto,"Thats dangerously close to Alabama, donnie get them to evacuate now before it's too late.
@realDonaldTrump #MAGA… https://t.co/1e1zPJT0Pt",0,0,0,0,Thats dangerously close Alabama donnie them evacuate before late #MAGA https zPJT
97,optic_marketing,"Tampa, FL",We pray for all those affected from the aftermath of Hurricane Dorian in the Bahamas. If you or anyone is looking t… https://t.co/ERjnoGfIkx,0,0,0,0,pray those affected from aftermath Hurricane Dorian Bahamas anyone looking https ERjnoGfIkx
98,Reganslr,,Our experience of #Dorian #HurricaneDorian2019 #Dorian2019 @Sean_Breslin @iCyclone @MichaelRLowry @MJVentrice https://t.co/rEOzSQWA1y,0,0,0,0,experience #Dorian #HurricaneDorian #Dorian https rEOzSQWA
99,GetClovered,,"After major-weather events occur, people often think about our insurance policy and if they’re covered. But what is… https://t.co/Wat64mgvfG",0,0,0,0,After major weather events occur people often think about insurance policy they covered what https mgvfG
100,ninatypewriter,U.S.,"Bahamas 8 am ET update...
⭐️Follow my lists for #Humberto weather and for #Dorian relief &amp; recovery
BAHAMAS… https://t.co/Iz5epmMq8j",0,0,0,0,Bahamas update Follow lists #Humberto weather #Dorian relief recovery BAHAMAS https epmMq
101,GoBGR,Singapore and Nashville,"For a clearer picture of Hurricane #Dorian's effect on the three main Bahamian islands, visit the page below. https://t.co/g1FUmzhStn",0,0,0,0,clearer picture Hurricane #Dorian effect three main Bahamian islands visit page below https FUmzhStn
102,ABCbirds,"Washington, DC",Bradley Watson of @BNTBahamas met with @ABCbirds President Mike Parr and other ABC staff yesterday in Washington DC… https://t.co/ylk0FzNeEb,0,0,0,0,Bradley Watson with President Mike Parr other staff yesterday Washington https FzNeEb
103,sarahmarville,"Tampa, FL",Terribly sad to hear this.. Many of these businesses will not re-open. #Insurance #Dorian https://t.co/2nv0IM8df7,0,0,0,0,Terribly hear this Many these businesses will open #Insurance #Dorian https
104,DetroitAndrea,NYC/ATL/DET,"Bahamas and Dorian. 
50 deaths. 
1300 still ‘missing’. 
They cannot add a human to the death toll without a tangibl… https://t.co/R9bDVHK789",0,0,0,0,Bahamas Dorian deaths still missing They cannot human death toll without tangibl https bDVHK
105,AlexaMacLean902,"K'jipuktuk, Halifax, NS",#Dorian cleanup continues one week after the severe weather system blasted the province. HRM crews are blocking off… https://t.co/LNDfxP75WF,0,0,0,0,#Dorian cleanup continues week after severe weather system blasted province crews blocking https LNDfxP
106,ReneeANDSharon,"Palm Harbor, FL.",Florida Residents That want to help The Bahamas in relief from #DORIAN please visit the Official Bahamas Relief Web… https://t.co/7EoqGIV0Q6,0,0,0,0,Florida Residents That want help Bahamas relief from #DORIAN please visit Official Bahamas Relief https EoqGIV
107,bri_sacks,"Los Angeles, CA",This is the Coopers Town Community Health Clinic in northern Abaco. Dr. Monroe and staff saw about 80-90 patients p… https://t.co/Eth9IFE2sn,0,0,0,0,This Coopers Town Community Health Clinic northern Abaco Monroe staff about patients https
108,ElDesconectad0,Colombia,"Live tracking #humberto #dorian
https://t.co/AceSxXUxJ6",0,0,0,0,Live tracking #humberto #dorian https AceSxXUxJ
109,samiam1972,France,"Waiting with bated breath for #WeathermanTrump’s forecast for the Carolinas. @realDonaldTrump, what’s taking so lon… https://t.co/y0pRBnnIZn",0,0,0,0,Waiting with bated breath #WeathermanTrump forecast Carolinas what taking https pRBnnIZn
110,JayWxMan,"Winter Park, FL","Of course, this is not so nice for the Bahamas still recovering from #Dorian, but the storm will move quickly enoug… https://t.co/007du9Tq57",0,0,0,0,course this nice Bahamas still recovering from #Dorian storm will move quickly enoug https
111,MPetersonWx,"Philadelphia, PA",With #Dorian still on everyone's mind we turn again to the tropics as TS #Humberto passes by areas still reeling fr… https://t.co/Z425fWu3Z6,0,0,0,0,With #Dorian still everyone mind turn again tropics #Humberto passes areas still reeling https
112,dneige89,United States,The One Bahamas Fund will match your donation up to $6 million dollars to send relief to the Bahamas🤗 #Bahamas… https://t.co/vriMp0tdNv,0,0,0,0,Bahamas Fund will match your donation million dollars send relief Bahamas #Bahamas https vriMp tdNv
113,GuardianWayne,Charlottetown,"A week after #Dorian hit #PEI more than 2,000 homes and businesses remain without power. Maritime Electric says, “W… https://t.co/pmvIjWo5lN",0,0,1,0,week after #Dorian #PEI more than homes businesses remain without power Maritime Electric says https pmvIjWo
114,JasonM_KVUE,"Austin, TX",LATEST | The tropics are churning again with #Dorian still in our recent memories. #Humberto looks to stay off the… https://t.co/iTzhOZD2wb,0,0,1,0,LATEST tropics churning again with #Dorian still recent memories #Humberto looks stay https iTzhOZD
115,OurRev305,"Miami, FL",Our governor treats the US like a whites-only country club. #Bahamas #Dorian #TPS https://t.co/w8tWUbDgvk,0,0,0,0,governor treats like whites only country club #Bahamas #Dorian #TPS https tWUbDgvk
116,faisalrahman36,,"I hope for the safety of people especially those who were already affected by #Dorian.
#Humberto https://t.co/qlNVNJnM5l",0,0,0,0,hope safety people especially those were already affected #Dorian #Humberto https qlNVNJnM
117,CatholicNewsSvc,"Washington, DC","""When you talk to me again five years from now, I will be happy to tell you we will be back on our feet again becau… https://t.co/5QOxhv6I1B",0,0,0,0,When talk again five years from will happy tell will back feet again becau https QOxhv
118,DiabeticCyborgg,"Longview, TX",Vox Sentences: #Humberto trails #Dorian https://t.co/Woy29NRtKU via @voxdotcom #News #Trump #Newsletter… https://t.co/8FEmSpNKnn,0,0,0,0,Sentences #Humberto trails #Dorian https NRtKU #News #Trump #Newsletter https FEmSpNKnn
119,FLHurricaneInfo,Florida,NHC Update Atlantic Tropical Weather Outlook https://t.co/xUGsoRoDax https://t.co/99YEz23k4r Dorian flwx #dorian,0,0,0,0,Update Atlantic Tropical Weather Outlook https xUGsoRoDax https Dorian flwx #dorian
120,FLHurricaneInfo,Florida,NHC Update Tropical Storm Humberto Graphics https://t.co/3kjhPL3DZL https://t.co/99YEz23k4r Dorian flwx #dorian,0,0,0,0,Update Tropical Storm Humberto Graphics https kjhPL https Dorian flwx #dorian
121,FLHurricaneInfo,Florida,NHC Update Summary for Tropical Storm Humberto (AT4/AL092019) https://t.co/oqr3ipzTky https://t.co/99YEz23k4r Dorian flwx #dorian,0,0,0,0,Update Summary Tropical Storm Humberto https ipzTky https Dorian flwx #dorian
122,FLHurricaneInfo,Florida,NHC Update Tropical Storm Humberto Public Advisory Number 7A https://t.co/oqr3ipzTky https://t.co/99YEz23k4r Dorian flwx #dorian,0,0,0,0,Update Tropical Storm Humberto Public Advisory Number https ipzTky https Dorian flwx #dorian
123,JamesSPackard,"Chicago, IL",We spent yesterday with @chefjoseandres' @WCKitchen to see how they go about feeding thousands on #Dorian impacted… https://t.co/VyOfi9uiZc,0,0,0,0,spent yesterday with they about feeding thousands #Dorian impacted https VyOfi uiZc
124,HarkconAcademy,"Fredericksburg, VA","#Humberto While damaging wind is not expected to be a big issue across much of the Bahamas, heavy rain has the pote… https://t.co/oTJgqg2ZBs",0,0,0,0,#Humberto While damaging wind expected issue across much Bahamas heavy rain pote https oTJgqg
125,MurfAD,Canada,#Dorian sent a 100-foot wave crashing toward #Newfoundland at Port Aux Basques. #NLWx https://t.co/xtM9RmIAgz  https://t.co/TbPDBFuMOz,0,0,0,0,#Dorian sent foot wave crashing toward #Newfoundland Port Basques #NLWx https RmIAgz https TbPDBFuMOz
126,WFAE,"Charlotte, NC",Charlotte Teacher Starts Gift Card Drive For School Damaged By Hurricane #Dorian https://t.co/tdtdI4IXPb https://t.co/qmFxQmtseJ,0,0,0,0,Charlotte Teacher Starts Gift Card Drive School Damaged Hurricane #Dorian https tdtdI IXPb https qmFxQmtseJ
127,peartreemomma,United States,SerialBrain2: Dorian: The Lo Shu Grid and Alabama Mystery Solved. PART 2 https://t.co/u3hh5c8chJ via @YouTube… https://t.co/PBkT86E6kD,0,0,0,0,SerialBrain Dorian Grid Alabama Mystery Solved PART https https PBkT
128,PetraMalusclava,The Milky Way ,"Philip Thomas Family Contributions
 https://t.co/dX0NIUM4zH.    #Dorian #BahamasRelief",0,0,0,0,Philip Thomas Family Contributions https NIUM #Dorian #BahamasRelief
129,UNOCHA,,Here is why civil-military coordination is so important in the aftermath of #hurricanedorian and many natural disas… https://t.co/LyLBSx8HXx,0,0,0,0,Here civil military coordination important aftermath #hurricanedorian many natural disas https LyLBSx
130,LopezTaxes,"Northern Virginia, USA",Donating to victims of Hurricane #Dorian? #IRS has a search feature to help you find or verify legitimate charities… https://t.co/fFb83pfrUT,0,0,0,0,Donating victims Hurricane #Dorian #IRS search feature help find verify legitimate charities https pfrUT
131,IRSnews,"Washington, D.C.",Donating to victims of Hurricane #Dorian? #IRS has a search feature to help you find or verify legitimate charities… https://t.co/nJK0Zwr6eu,0,0,0,0,Donating victims Hurricane #Dorian #IRS search feature help find verify legitimate charities https
132,SalesPacer,Europe / Africa,"Remember, that
1. It is naturally not possible for @realDonaldTrump to assist #Bahamas when there is no… https://t.co/r81Lt9M9Ch",0,0,0,0,Remember that naturally possible assist #Bahamas when there https
133,TomBondCD1,"Halifax, Nova Scotia","A brighter day, thanks to many hardworking cleanup folks. G'day, #SheetHarbour is still a mess, #HRM Parks destroye… https://t.co/lpbobcEKIx",0,0,0,0,brighter thanks many hardworking cleanup folks #SheetHarbour still mess #HRM Parks destroye https lpbobcEKIx
134,NSRasta,"Halifax, Nova Scotia","Which part of Alabama is in its path this time @ReadsDots ? We took the hit for Alabama during #Dorian, not even a… https://t.co/tlfZsU9VDR",0,0,0,0,Which part Alabama path this time took Alabama during #Dorian even https tlfZsU
135,Suddath,,Van Operator JC Rivera and his crewman Gustavo Reyes made multiple trips to pick up donations to be transported to… https://t.co/jjOGTQ8x3o,0,0,0,0,Operator Rivera crewman Gustavo Reyes made multiple trips pick donations transported https jjOGTQ
136,jollygirl77,Arizona,@lisastark351 Not to mention #WeatherWarfare #GeoEngineering #Dorian,0,0,0,0,mention #WeatherWarfare #GeoEngineering #Dorian
137,gagavuzz,"Beykoz, İstanbul / anadolu hisarı yenimahaleTurkey/gagavuzz@gmail.com/","Tropical Weather Outlook
NWS National Hurricane Center Miami FL
200 AM EDT Sat Sep 14 2019
#HurricaneDorian… https://t.co/MYcHGE2K5v",0,0,0,0,Tropical Weather Outlook National Hurricane Center Miami #HurricaneDorian https MYcHGE
138,DaDaBuh,United States,"THE HI-RES IMAGES
AUG 22ND....... 90L INVEST GOMEX 98L INVEST BAHAMAS BECAME #ERIN
SEPT 2ND...........#DORIAN… https://t.co/2GQ6Lkc6I9",0,0,0,0,IMAGES INVEST GOMEX INVEST BAHAMAS BECAME #ERIN SEPT #DORIAN https
139,Trump_Yo_Trick,Washington D.C,"Watch ""#SerialBrain2: #Dorian: The Lo Shu Grid and #Alabama Mystery Solved. PART 2"" on YouTube https://t.co/3vPcF5vbEB",0,0,0,0,Watch #SerialBrain #Dorian Grid #Alabama Mystery Solved PART YouTube https vPcF vbEB
140,hedgeyben,"Rugby, England",Beloved pets and their desperate families can be reunited after #Dorian. And I’m helping @ifawuk! See how you can t… https://t.co/cPrEcrcwLy,0,0,0,0,Beloved pets their desperate families reunited after #Dorian helping https cPrEcrcwLy
141,AubrieMcg,"Dartmouth, NS, Canada",@DartmouthNSDiva You are a star Lori! Great job and thank you for the time and energy you are putting into the… https://t.co/2YSU4dvLPx,0,0,0,0,star Lori Great thank time energy putting into https dvLPx
142,chiefdeunavy,"Rostock, Deutschland",Amphibious Forces with the respective trained personnel can act in a wide spectrum of different tasks. With the dee… https://t.co/b4vbeR7SSL,0,0,0,0,Amphibious Forces with respective trained personnel wide spectrum different tasks With https vbeR
143,RaulWever,The Netherlands,New storm to hit Bahamas two weeks after Hurricane #Dorian. https://t.co/J8J3Wmrfdr #Prayforthebahamas #Humberto… https://t.co/t0RXAGOGKD,0,0,0,0,storm Bahamas weeks after Hurricane #Dorian https Wmrfdr #Prayforthebahamas #Humberto https RXAGOGKD
144,Verisk,"Jersey City, NJ",Verisk's @GeomniNews team is in the South Carolina area capturing post-storm imagery following #HurricaneDorian's p… https://t.co/WCtVSCA58v,0,0,0,0,Verisk team South Carolina area capturing post storm imagery following #HurricaneDorian https WCtVSCA
145,vivianharris45,Australia,"New tropical storm heads towards Bahamas, threatens Hurricane #Dorian recovery efforts #climateemergency… https://t.co/JLqCakWlvK",0,0,0,0,tropical storm heads towards Bahamas threatens Hurricane #Dorian recovery efforts #climateemergency https JLqCakWlvK
146,JennyFear666,"Illinois, USA",Sign the petition: Don't listen to Trump's rants against imaginary criminals. Stand instead with Hurricane #Dorian… https://t.co/xAUZ20iNIA,0,0,0,0,Sign petition listen Trump rants against imaginary criminals Stand instead with Hurricane #Dorian https xAUZ iNIA
147,Blockchain_Soft,Worldwide,"The #American #cryptocurrency #exchange #Coinbase together with #Bitcoin (#BTC), the #world’s #leading #digital… https://t.co/EOgB1Ch9F0",0,0,0,0,#American #cryptocurrency #exchange #Coinbase together with #Bitcoin #BTC #world #leading #digital https EOgB
148,Autrice,United States,"Well I guess this is the reason POTUS kept bringing up Alabama.

News idiots think Pres Trump is stupid. When they… https://t.co/th8osN8sC3",0,0,0,0,Well guess this reason POTUS kept bringing Alabama News idiots think Pres Trump stupid When they https
149,FLHurricaneInfo,Florida,NHC Update Tropical Storm Humberto Graphics https://t.co/3adsyKKyJI https://t.co/99YEz1LJcT Dorian flwx #dorian,0,0,0,0,Update Tropical Storm Humberto Graphics https adsyKKyJI https LJcT Dorian flwx #dorian
150,FLHurricaneInfo,Florida,NHC Update Tropical Storm Humberto Forecast Discussion Number 7 https://t.co/QBDxdEVEHx https://t.co/99YEz23k4r Dorian flwx #dorian,0,0,0,0,Update Tropical Storm Humberto Forecast Discussion Number https QBDxdEVEHx https Dorian flwx #dorian
151,FLHurricaneInfo,Florida,NHC Update Tropical Storm Humberto Wind Speed Probabilities Number 7 https://t.co/B4bufwxeoT https://t.co/99YEz23k4r Dorian flwx #dorian,0,0,0,0,Update Tropical Storm Humberto Wind Speed Probabilities Number https bufwxeoT https Dorian flwx #dorian
152,FLHurricaneInfo,Florida,NHC Update Summary for Tropical Storm Humberto (AT4/AL092019) https://t.co/gpZt3EnVXB https://t.co/99YEz23k4r Dorian flwx #dorian,0,0,0,0,Update Summary Tropical Storm Humberto https gpZt EnVXB https Dorian flwx #dorian
153,FLHurricaneInfo,Florida,NHC Update Tropical Storm Humberto Public Advisory Number 7 https://t.co/gpZt3EnVXB https://t.co/99YEz23k4r Dorian flwx #dorian,0,0,0,0,Update Tropical Storm Humberto Public Advisory Number https gpZt EnVXB https Dorian flwx #dorian
154,NSRasta,"Halifax, Nova Scotia",#Dorian Nova Scotia Power Outage Map was never right for Eastern Shore #Halifax residents. I headed back to my home… https://t.co/DXmGo7a0UE,0,0,1,0,#Dorian Nova Scotia Power Outage never right Eastern Shore #Halifax residents headed back home https DXmGo
155,expansionsnews,"St Joseph, MI",Watch Expansions latest podcast from the 7th of September 2019 - Hurricane Dorian; Iraq Fake Country; Dark Arts.… https://t.co/Ua8QEAPxxN,0,0,0,0,Watch Expansions latest podcast from September Hurricane Dorian Iraq Fake Country Dark Arts https QEAPxxN
156,garyfox5dc,"Washington, DC",It's now Tropical Storm #Humberto and moving through the #Bahamas now. 40mph storm is tracking similar to #Dorian. @fox5dc @fox5weather,0,0,0,0,Tropical Storm #Humberto moving through #Bahamas storm tracking similar #Dorian
157,NEWomen4Justice,NorthEast USA,#Dorian survivors should be able to work and live in the United States without fear of deportation. Sign to demand… https://t.co/pB7JNE3naw,0,0,0,0,#Dorian survivors should able work live United States without fear deportation Sign demand https
158,dgo1252,"Köpenick (Berlin), Suresnes (b. Paris)","Fresh newsletter: see https://t.co/Ic2QBEwswC. It’s about #mHealth, alternative #wireless, frustrated #firechief ca… https://t.co/9pjoJ58205",0,0,0,0,Fresh newsletter https QBEwswC about #mHealth alternative #wireless frustrated #firechief https pjoJ
159,emc0827,,@kathygriffin Unless it’s Alabama don’t count on any help bc Bahamas might as well be neighbors to Iceland for all… https://t.co/KfffpUASR5,0,0,0,0,Unless Alabama count help Bahamas might well neighbors Iceland https KfffpUASR
160,Doompellet,the whole entire planet,@realDonaldTrump God. You even managed to make a criminal case out of a simple mistake about #Dorian hitting Alabam… https://t.co/BZLlXLVJz3,0,0,0,0,even managed make criminal case simple mistake about #Dorian hitting Alabam https BZLlXLVJz
161,conchi_gonzalez,"Aguadilla, Puerto Rico",Help 12 year old girl #Dorian #Bahamian #Huracan survivor who was detained by #USA #ICE for the only crime of flyin… https://t.co/nwbzmnyywH,0,0,0,0,Help year girl #Dorian #Bahamian #Huracan survivor detained #USA #ICE only crime flyin https nwbzmnyywH
162,emc0827,,@kathygriffin Can you imagine being in this island &amp; so scared for your life &amp; having to depend on the grim reaper… https://t.co/hsLHRTZezm,0,0,0,0,imagine being this island scared your life having depend grim reaper https hsLHRTZezm
163,AnnNisha76,"New Mexico, USA",Sign the petition: Stand with #Dorian survivors. Demand that Congress grant #TPS to the #Bahamas now.… https://t.co/731iY7EIlb,0,0,0,0,Sign petition Stand with #Dorian survivors Demand that Congress grant #TPS #Bahamas https EIlb
164,UoWGeography,"Winchester, Hampshire, UK",#climatechange #ClimateCrisis #ClimateEmergency #tourism #HurricaneDorian2019 #inequality 'The poor are punished':… https://t.co/UdHWiV9ZWC,0,0,0,0,#climatechange #ClimateCrisis #ClimateEmergency #tourism #HurricaneDorian #inequality poor punished https UdHWiV
165,euripides8,Los Angeles California,Sign the petition: Stand with #Dorian survivors. Demand that Congress grant #TPS to the #Bahamas now.… https://t.co/5FSlmqEaWm,0,0,0,0,Sign petition Stand with #Dorian survivors Demand that Congress grant #TPS #Bahamas https FSlmqEaWm
166,Gender_Env,"Bangkok, Thailand",#TropicalDepression approaches #Bahamas islands ravaged by #HurricaneDorian &amp; the system is to send #heavyrain &amp;… https://t.co/DSLtibV2aH,0,0,0,0,#TropicalDepression approaches #Bahamas islands ravaged #HurricaneDorian system send #heavyrain https DSLtibV
167,euripides8,Los Angeles California,#Dorian survivors should be able to work and live in the United States without fear of deportation. Sign to demand… https://t.co/HQmKsvUrEh,0,0,0,0,#Dorian survivors should able work live United States without fear deportation Sign demand https HQmKsvUrEh
168,meganfcoffey,,Sign the petition: Stand with #Dorian survivors. Demand that Congress grant #TPS to the #Bahamas now.… https://t.co/FshsIS9j9S,0,0,0,0,Sign petition Stand with #Dorian survivors Demand that Congress grant #TPS #Bahamas https FshsIS
169,ZacharysWeather,"Arlington, WA",Tropical Depression 9 is forecast to strengthen into Tropical Storm #Humberto and track over areas of the northern… https://t.co/tCRtSI8Rr7,0,0,0,0,Tropical Depression forecast strengthen into Tropical Storm #Humberto track over areas northern https tCRtSI
170,ZacharysWeather,"Arlington, WA","Hurricane #Dorian kicked up cooler water in the Atlantic, but what does that mean for a potential #Humberto?… https://t.co/6Qc0mkBClR",0,0,0,0,Hurricane #Dorian kicked cooler water Atlantic what does that mean potential #Humberto https mkBClR
171,BridMcGrath,Ireland,'The poor are punished': #Dorian lays bare inequality in the #Bahamas https://t.co/e7ZNEqBpHt,0,0,0,0,poor punished #Dorian lays bare inequality #Bahamas https ZNEqBpHt
172,FLHurricaneInfo,Florida,NHC Update Tropical Storm Humberto Graphics https://t.co/Mir7PinJFT https://t.co/99YEz1LJcT Dorian flwx #dorian,0,0,0,0,Update Tropical Storm Humberto Graphics https PinJFT https LJcT Dorian flwx #dorian
173,FLHurricaneInfo,Florida,NHC Update Summary for Tropical Storm Humberto (AT4/AL092019) https://t.co/OORF6xyWqL https://t.co/99YEz23k4r Dorian flwx #dorian,0,0,0,0,Update Summary Tropical Storm Humberto https OORF xyWqL https Dorian flwx #dorian
174,FLHurricaneInfo,Florida,NHC Update Tropical Storm Humberto Public Advisory Number 6A https://t.co/OORF6xyWqL https://t.co/99YEz23k4r Dorian flwx #dorian,0,0,0,0,Update Tropical Storm Humberto Public Advisory Number https OORF xyWqL https Dorian flwx #dorian
175,daytonatimes,"Daytona Beach, FL","DAYTONA UNITED FOR BAHAMAS https://t.co/4dbcO7wP3A

#Relief efforts are in full swing locally to help victims in th… https://t.co/QFjchXs5TF",0,0,0,0,DAYTONA UNITED BAHAMAS https dbcO #Relief efforts full swing locally help victims https QFjchXs
176,BNaeece,right now right here,@4YrsToday I remember when #PresidentPAB was having a hissy fit over @DebraMessing when #Dorian was a threat to the… https://t.co/YqbTlG6wlg,0,0,0,0,remember when #PresidentPAB having hissy over when #Dorian threat https YqbTlG
177,Global_Policy,"Durham University, School of Government and International Affairs","What are Nukes For, If We Cannot Use Them? #weapons #Nuclear #WMDs #Dorian https://t.co/prnbUEAMni https://t.co/4lvcSvRDeQ",0,0,0,0,What Nukes Cannot Them #weapons #Nuclear #WMDs #Dorian https prnbUEAMni https lvcSvRDeQ
178,opusthepoet,"Garland, TX",The human cost of #Dorian is rising fast (sign now) https://t.co/BopxlnVrOi #Bahamas #TPS via @CREDOMobile,0,0,0,0,human cost #Dorian rising fast sign https BopxlnVrOi #Bahamas #TPS
179,respondkits,British Columbia,"Tropical storm #Humberto approaching Bahamas, threatening Hurricane #Dorian rescue efforts. Strong winds expected.… https://t.co/UMnjPOKX9G",0,0,0,0,Tropical storm #Humberto approaching Bahamas threatening Hurricane #Dorian rescue efforts Strong winds expected https UMnjPOKX
180,Crof,"North Vancouver, BC","#Bahamas, Still Reeling From #Dorian, Braces for Tropical Storm #Humberto https://t.co/s17d2YX8Po",0,0,0,0,#Bahamas Still Reeling From #Dorian Braces Tropical Storm #Humberto https
181,brucelee0124,,"@realDonaldTrump Never mind about vaping.
Give us an update on Hurricane #Dorian 
Is Alabama still vulnerable?
Do y… https://t.co/MDWDddSmI4",0,0,0,0,Never mind about vaping Give update Hurricane #Dorian Alabama still vulnerable https MDWDddSmI
182,Jasamsdestiny,#TheResistance #Democracy #Truth   #Foster #Adopt  No pet left behind 🐾,"Excellent news for #FL 
Worst news for the battered #Bahamas where people are still traumatized by #Dorian… https://t.co/QbWp9eYhiz",0,0,0,0,Excellent news Worst news battered #Bahamas where people still traumatized #Dorian https QbWp eYhiz
183,AnnJMcCall,,#Dorian survivors should be able to work and live in the United States without fear of deportation. Sign to demand… https://t.co/E6JuIoBmQ6,0,0,0,0,#Dorian survivors should able work live United States without fear deportation Sign demand https JuIoBmQ
184,RichThompsonAK,Alaska,Trump defends blocking Bahamian hurricane victims from entering U.S. hours after the acting commissioner of US CBP… https://t.co/qClRHB4MA5,0,0,0,0,Trump defends blocking Bahamian hurricane victims from entering hours after acting commissioner https qClRHB
185,hmsprotector,"Port Everglades, Florida",Great to arrive in Port Everglades #Florida 🇺🇸 to reset and refuel in company with #mightymounts after their epic s… https://t.co/xzuBgafrzK,0,0,0,0,Great arrive Port Everglades #Florida reset refuel company with #mightymounts after their epic https xzuBgafrzK
186,RichThompsonAK,Alaska,"Cruise operators, among first to step up, Carnival Corporation, Disney Cruise Line, Royal Caribbean Cruise Line Nor… https://t.co/UJ44bYgDpV",0,0,0,0,Cruise operators among first step Carnival Corporation Disney Cruise Line Royal Caribbean Cruise Line https bYgDpV
187,RichThompsonAK,Alaska,"South Carolina, MSC Group - parent company of number-two ocean carrier MSC, work w/numerous local government agenci… https://t.co/4PhLI6Ksgz",0,0,0,0,South Carolina Group parent company number ocean carrier work numerous local government agenci https PhLI Ksgz
188,RichThompsonAK,Alaska,"Resolve Marine and its humanitarian subsidiary, Mission Resolve,delivers a 5,000 gallon potable water plant consist… https://t.co/tBKxhYQuCR",0,0,0,0,Resolve Marine humanitarian subsidiary Mission Resolve delivers gallon potable water plant consist https tBKxhYQuCR
189,Mar_Ex,"Fort Lauderdale, Florida",Resolve Marine Sets Up Water Treatment Plant for Bahamas Relief #bahamas #resolvemarine #water #dorian #relief #aid… https://t.co/Z07kWCgxSk,0,0,0,0,Resolve Marine Sets Water Treatment Plant Bahamas Relief #bahamas #resolvemarine #water #dorian #relief #aid https kWCgxSk
190,dgendvil,"Las Vegas, NV",Sign the petition: Stand with #Dorian survivors. Demand that Congress grant #TPS to the #Bahamas now.… https://t.co/ixNUOnokw2,0,0,0,0,Sign petition Stand with #Dorian survivors Demand that Congress grant #TPS #Bahamas https ixNUOnokw
191,altondrew,"Atlanta, GA",Trump administration doesn’t plan to invoke a special immigration status for Bahamians displaced by Hurricane Doria… https://t.co/VpbtoVXhvA,0,0,1,0,Trump administration doesn plan invoke special immigration status Bahamians displaced Hurricane Doria https VpbtoVXhvA
192,geridhenner,USA,#Dorian survivors should be able to work and live in the United States without fear of deportation. Sign to demand… https://t.co/42PyOcVLfy,0,0,0,0,#Dorian survivors should able work live United States without fear deportation Sign demand https PyOcVLfy
193,nickmlittlejohn,"Palo Alto, NYC, Austin and 🌎✈",It's a great time for the Bahamas to upgrade to renewables as the climate disaster destroyed their oil infrastructu… https://t.co/VZ6Xmd1Mlz,0,0,0,0,great time Bahamas upgrade renewables climate disaster destroyed their infrastructu https
194,FLHurricaneInfo,Florida,NHC Update Tropical Storm Humberto Forecast Discussion Number 6 https://t.co/QHzZ7MD6Wj https://t.co/99YEz23k4r Dorian flwx #dorian,0,0,0,0,Update Tropical Storm Humberto Forecast Discussion Number https QHzZ https Dorian flwx #dorian
195,FLHurricaneInfo,Florida,NHC Update Tropical Storm Humberto Graphics https://t.co/YlQsGgpmwo https://t.co/99YEz23k4r Dorian flwx #dorian,0,0,0,0,Update Tropical Storm Humberto Graphics https YlQsGgpmwo https Dorian flwx #dorian
196,FLHurricaneInfo,Florida,NHC Update Tropical Storm Humberto Wind Speed Probabilities Number 6 https://t.co/LxQ4blfTXa https://t.co/99YEz23k4r Dorian flwx #dorian,0,0,0,0,Update Tropical Storm Humberto Wind Speed Probabilities Number https blfTXa https Dorian flwx #dorian
197,FLHurricaneInfo,Florida,NHC Update Summary for Tropical Storm Humberto (AT4/AL092019) https://t.co/vduHkQAiWz https://t.co/99YEz23k4r Dorian flwx #dorian,0,0,0,0,Update Summary Tropical Storm Humberto https vduHkQAiWz https Dorian flwx #dorian
198,FLHurricaneInfo,Florida,NHC Update Tropical Storm Humberto Public Advisory Number 6 https://t.co/vduHkQAiWz https://t.co/99YEz23k4r Dorian flwx #dorian,0,0,0,0,Update Tropical Storm Humberto Public Advisory Number https vduHkQAiWz https Dorian flwx #dorian
199,debbytravels,Halifax,"@JeffTitelius Jeff, thinking of you as #Dorian was hitting #Florida too. We lost ou electricity for 3 days &amp; nights… https://t.co/cPJKweJHRU",0,0,0,0,Jeff thinking #Dorian hitting #Florida lost electricity days nights https cPJKweJHRU
